[{"id":1,"nombre":"Queso Afuega'l Pitu(Rojo)","precio":"2,99€","descripcion":"Queso sencillo de sabor suave perfecto para tomar como entrante o aperitivo acompañado de una mermelada de Higo o de arándanos. Elaborado artesanalmente con leche pasteurizada de vaca"},{"id":2,"nombre":"Queso Afuega'l Pitu(VERDE)","precio":"6,99€","descripcion":"Queso complicado de explicar"},{"id":3,"nombre":"Queso de cabra","precio":"1,99€","descripcion":"100% cabra asturiana"},{"id":4,"nombre":"Queso de vaca","precio":"4,99€","descripcion":"50% vaca asturiana"}]